gene_symbol,tLung_mean,nLung_mean,tLung_pct,nLung_pct,tumor_specificity,safety_score,expr_tnk_cells,expr_b_cells,expr_myeloid,expr_epithelial,expr_endothelial
ABCB1,0.014108839444816113,0.014117920771241188,0.013200735342975481,0.012396790324456333,0.9998583652383634,0.1781223596888414,0.015045883134007454,0.014282098971307278,0.01344537828117609,0.013875558972358704,0.013289036229252815
ACVRL1,0.07107577472925186,0.07398534566164017,0.0480187822543135,0.04956390277939295,0.9765329449471504,0.34631699953957323,0.07029175758361816,0.06707162410020828,0.07037518918514252,0.07362820953130722,0.0692928358912468
ADAM17,0.29192230105400085,0.30147692561149597,0.1769695895811646,0.18009070822188628,0.9728157843054076,0.37200822940351624,0.29534339904785156,0.283581018447876,0.296058714389801,0.29344338178634644,0.2866635024547577
ALB,0.007242685183882713,0.00804744753986597,0.0020155485171321624,0.00230259332480521,0.9861361284588688,0.11067534899796957,0.00886604655534029,0.010991792194545269,0.007693218067288399,0.006828091107308865,0.00047460844507440925
ANGPT1,0.007552769500762224,0.008814978413283825,0.005404327892090634,0.005861146644958716,0.9785393288142987,0.11313479584793305,0.008819464594125748,0.008605415932834148,0.006746360566467047,0.007678174879401922,0.003796867560595274
ANGPT2,0.03386564552783966,0.03814397007226944,0.023477817891869146,0.024049308059076638,0.9514620848037367,0.2708901263507595,0.03619396686553955,0.030046643689274788,0.03484436124563217,0.03542929142713547,0.037019457668066025
AREG,1.4755144119262695,1.3839516639709473,0.2089082814680281,0.20997790440748923,1.0638534409882154,0.40065391978405157,1.4266881942749023,1.3977655172348022,1.5263581275939941,1.380371332168579,1.162316083908081
BAK1,0.11858513206243515,0.11750203371047974,0.09796451748654456,0.09663914408652169,1.0064661803081598,0.3744493959004304,0.11896961182355881,0.11356980353593826,0.11809681355953217,0.12271368503570557,0.11010915786027908
BIRC5,0.11756628006696701,0.11906035244464874,0.03543821568584022,0.03551575764623793,0.9911624910508163,0.3956046357699982,0.11656289547681808,0.118595652282238,0.11438039690256119,0.11251268535852432,0.1333649754524231
CA9,0.039890140295028687,0.04014420136809349,0.019823251899266873,0.019234794743574833,0.9971816149102328,0.30086561083622326,0.04092977195978165,0.0424124076962471,0.039365604519844055,0.041873473674058914,0.039867110550403595
CACNA1G-AS1,0.0002436377399135381,0.00023258518194779754,0.00019933996323285124,0.00023258518432375856,1.0002200276558673,0.004825659672712887,0.00018632672436069697,0.00018078605353366584,0.00028405728517100215,0.00016453232092317194,0.0
CCR2,0.01577000506222248,0.014513315632939339,0.013555117499833883,0.012071171066403071,1.0194795356114281,0.1940582738543504,0.014999301172792912,0.015945330262184143,0.015149721875786781,0.015685414895415306,0.017560511827468872
CCR8,0.0005315732560120523,0.0005814629839733243,0.0005315732352876032,0.0005349459239446447,0.9990136756626221,0.010394391179795478,0.0006366163142956793,0.0006508298101834953,0.00037874304689466953,0.0007129733567126095,0.0009492168901488185
CD19,0.06434251368045807,0.06621700525283813,0.046689849166094484,0.04693569019653448,0.9838707634196736,0.3396251482844286,0.06524540483951569,0.06454062461853027,0.06303704530000687,0.06466119736433029,0.0640721395611763
CD1D,0.03537176921963692,0.034027211368083954,0.026512215109969213,0.025677404349342948,1.0160014575000362,0.2886416100806888,0.03541760519146919,0.03532559424638748,0.036430347710847855,0.03455178812146187,0.03559563308954239
CD22,0.0799131765961647,0.07870682328939438,0.05643535847970055,0.05526223979532504,1.009372877645017,0.36188762108003086,0.07911121845245361,0.07723180204629898,0.07903894037008286,0.07658979296684265,0.0745135247707367
CD24,0.8274380564689636,0.8199558258056641,0.16166471018184234,0.16148389347598557,1.0086007018303145,0.40875612004114503,0.817430853843689,0.8240228295326233,0.8168067336082458,0.8287492990493774,0.8372092843055725
CD248,0.019247381016612053,0.02083963342010975,0.009501871580765908,0.009349924409815094,0.977523141684614,0.2116555818642764,0.021939972415566444,0.01945257931947708,0.01865309476852417,0.02144404500722885,0.020882772281765938
CD27,0.36753860116004944,0.3589021861553192,0.19446720857604818,0.18811489708105594,1.0211209802665366,0.3843166406304593,0.3574988842010498,0.3549553453922272,0.3622913956642151,0.3672909736633301,0.3089700937271118
CD274,0.03949146345257759,0.03988835960626602,0.030454716605018937,0.030747761367600882,0.9955845656164276,0.29585130396160336,0.03978075459599495,0.03955598920583725,0.04147236421704292,0.0420105867087841,0.038917891681194305
CD276,0.12886221706867218,0.1321548968553543,0.08770958382245454,0.09082451447842772,0.9819237371955102,0.3766942831236453,0.12853439152240753,0.129912868142128,0.1307610422372818,0.13099513947963715,0.1290934979915619
CD28,0.0621497705578804,0.0568903349339962,0.05322377018317128,0.04993603907431097,1.0492040335277446,0.34930324383689026,0.059655606746673584,0.060274071991443634,0.0595100000500679,0.059204213321208954,0.06691978871822357
CD33,0.12075571715831757,0.11880451440811157,0.07929300759706749,0.0794743574834283,1.0115589488648902,0.3838881241508067,0.11973045021295547,0.1128828153014183,0.12072434276342392,0.1185455322265625,0.11105837672948837
CD37,2.002502918243408,1.998744010925293,0.5996146094044165,0.5990231422258402,1.0018347374284293,0.19820004603017138,2.003431558609009,1.9688324928283691,1.9776304960250854,1.9664080142974854,2.04034161567688
CD38,0.10748853534460068,0.10875683277845383,0.07180668453343374,0.07193859751133853,0.9920110686787065,0.37467679369076007,0.10581805557012558,0.1053982749581337,0.11066398024559021,0.10974305868148804,0.10488846898078918
CD3E,0.736981987953186,0.7350622415542603,0.33351790737336373,0.3301779276660077,1.0024453429260909,0.3243314437737325,0.7345154881477356,0.7298333048820496,0.7241330146789551,0.7432199120521545,0.73516845703125
CD4,0.27356088161468506,0.267682284116745,0.15902899289020797,0.15887893941155948,1.018504643764711,0.389176285183098,0.2700805962085724,0.2678164541721344,0.2668481469154358,0.26404693722724915,0.2501186430454254
CD40,0.24585261940956116,0.2523316740989685,0.15278300737557865,0.15329689498778928,0.978569712522789,0.3797339301663551,0.24380852282047272,0.24080702662467957,0.24440762400627136,0.2505553066730499,0.24442334473133087
CD40LG,0.07193958014249802,0.06856611371040344,0.054331214423353785,0.05277357832306082,1.0284521970614153,0.35769571867986427,0.07404934614896774,0.07296524941921234,0.06696650385856628,0.07220226526260376,0.08020883053541183
CD47,1.0568561553955078,1.0716129541397095,0.41046313318124433,0.4117920688452146,0.9868432343887109,0.28536148158925384,1.0485692024230957,1.0429909229278564,1.054349660873413,1.0603833198547363,0.9506407380104065
CD55,0.9329774975776672,0.8835446238517761,0.3331413763317017,0.33394580765205256,1.0529518059050382,0.3329259088298421,0.9135599136352539,0.8966988325119019,0.9121316075325012,0.9364356994628906,0.8870431780815125
CD7,0.7220979332923889,0.7145947217941284,0.2997408580477973,0.2951040818699849,1.009813318460601,0.34237331026452383,0.7290964722633362,0.7322558760643005,0.702307939529419,0.7172786593437195,0.7532036304473877
CD79B,0.3330749273300171,0.34755203127861023,0.14828678376043766,0.1494127224095825,0.9635843793778848,0.38776189727626076,0.3334627151489258,0.32668039202690125,0.33057165145874023,0.3242657780647278,0.32273373007774353
CD86,0.22226406633853912,0.21607163548469543,0.1141110545084055,0.11601348994069077,1.0232735475262633,0.4023429693561834,0.22126299142837524,0.2127128690481186,0.21581251919269562,0.21976032853126526,0.21689605712890625
CD96,0.13956011831760406,0.13394580781459808,0.11174112383441494,0.10864053959762764,1.0305215463712265,0.3845315393277677,0.13572348654270172,0.13493871688842773,0.13613446056842804,0.1345600187778473,0.13716183602809906
CDH17,0.013245033100247383,0.015280846506357193,0.004717712463177479,0.004349342946854285,0.9688145372638274,0.16793732174689088,0.013881340622901917,0.012401923537254333,0.013516392558813095,0.013601338490843773,0.0052206930704414845
CDH19,0.0022591862361878157,0.002046749694272876,0.001306784203415358,0.0010233748110245377,1.0040816485786876,0.041558518479273394,0.0012887598713859916,0.0018440177664160728,0.0020830866415053606,0.0016727452166378498,0.0052206930704414845
CDH3,0.06449755281209946,0.06412373483181,0.03422002702163946,0.03370159320851262,1.0032755498305446,0.3489163209288208,0.06425166875123978,0.06634848564863205,0.06523849070072174,0.07044725120067596,0.05932605639100075
CEACAM5,0.28924229741096497,0.28005582094192505,0.044430662916122174,0.046191417606698454,1.0278330993915612,0.4454749295791184,0.28421035408973694,0.2678164541721344,0.2666824460029602,0.28606685996055603,0.34076887369155884
CHI3L1,0.3686017394065857,0.312757283449173,0.047841591175884296,0.04742411908361437,1.1539444099548652,0.4800940654994692,0.37504464387893677,0.4041652977466583,0.36288318037986755,0.36158719658851624,0.4779306948184967
CLDN1,0.09351259469985962,0.09145249426364899,0.04361115417838712,0.042935225026165834,1.0145639032166578,0.3808974805509936,0.09122245758771896,0.08833206444978714,0.09205823391675949,0.09512709826231003,0.09302325546741486
CLDN18,0.05249285697937012,0.05407605692744255,0.01758621453409821,0.018885916967089196,0.9847880483291543,0.3289381011593739,0.05378631502389908,0.045160356909036636,0.05160374194383621,0.05462472885847092,0.06644517928361893
CLDN3,0.7140579223632812,0.7426677346229553,0.12323639504750936,0.12243284102802651,0.9639069297133902,0.41589109428399335,0.733863353729248,0.7339913845062256,0.7320629954338074,0.7166479229927063,0.7028951048851013
CLDN6,0.03497308865189552,0.03198046237230301,0.008416576225387051,0.007745086637981161,1.036504140047441,0.2967179597916497,0.03159790858626366,0.03951983153820038,0.037400875240564346,0.03222091123461723,0.015187470242381096
CLEC12A,0.135684072971344,0.13527154922485352,0.07729960796473898,0.07800907082218862,1.0022265898256717,0.38977190571538617,0.13342545926570892,0.12817731499671936,0.13568469882011414,0.13077576458454132,0.13716183602809906
CSF1,0.12525194883346558,0.1185486689209938,0.06983543378590888,0.06691475752994534,1.0397705894409282,0.3977893101123244,0.12100367993116379,0.11610080301761627,0.11125577241182327,0.11775029450654984,0.1238728016614914
CSF3R,0.12693525850772858,0.1185719296336174,0.08011251633480254,0.07898592859634841,1.0496128204279827,0.39562204891936004,0.12288247793912888,0.12141591310501099,0.12100840359926224,0.12449611723423004,0.12244898080825806
CTHRC1,0.14425568282604218,0.1362716555595398,0.03842831513433299,0.03674845912315385,1.0428622768317555,0.42040246789004515,0.1518096923828125,0.16057418286800385,0.13625280559062958,0.16595827043056488,0.08970099687576294
CTLA4,0.04498438537120819,0.04414466768503189,0.03116348091873574,0.030677985812303757,1.0089194396966341,0.3134094143326692,0.044516559690237045,0.04378638416528702,0.043271392583847046,0.04538349807262421,0.047935452312231064
CXCR4,2.8377373218536377,2.7688567638397217,0.5524374847726417,0.5468310268635888,1.0244356360697413,0.22734077939722871,2.8197133541107178,2.768340826034546,2.7829091548919678,2.804206609725952,2.8870432376861572
DLK1,0.0030565462075173855,0.003023607423529029,0.000819508737735055,0.0007907896267007791,1.0006212097891654,0.05446007053718482,0.004316569305956364,0.0033264635130763054,0.002580187050625682,0.002248608274385333,0.0
DLL3,0.008327980525791645,0.007931155152618885,0.006600367671487741,0.006326317013606233,1.006849947530432,0.12489289206950399,0.008834992535412312,0.008750044740736485,0.00837969034910202,0.008308881893754005,0.007119126617908478
DLL4,0.0069326008670032024,0.007442725822329521,0.005935901127378237,0.006349575532038609,0.9911194159395545,0.10700655279635508,0.007592814043164253,0.007159127853810787,0.007148774806410074,0.007541064638644457,0.008068343624472618
EDNRA,0.016722407191991806,0.017257820814847946,0.012580566568473277,0.012303756250726829,0.9920393849165874,0.19667318322392432,0.017111003398895264,0.017463933676481247,0.017516866326332092,0.01861957460641861,0.010915994644165039
EGFR,0.2500387728214264,0.2226305454969406,0.07962524086912225,0.07805558785905338,1.100532489030263,0.44104721923026435,0.23568777740001678,0.2403731495141983,0.24066753685474396,0.25028106570243835,0.23588040471076965
ENPP3,0.011207335628569126,0.012513082474470139,0.009811955968017011,0.01028026514711013,0.9791124226447437,0.1504619959047341,0.011257239617407322,0.010811006650328636,0.012285477481782436,0.011270463466644287,0.01186521165072918
ENTPD1,0.12740038335323334,0.1273171305656433,0.08671288400629028,0.08654494708687056,1.0004695135056858,0.38190953457326554,0.12150055170059204,0.12398307770490646,0.12754172086715698,0.1256752610206604,0.10251542180776596
EPCAM,1.3818910121917725,1.3133620023727417,0.16405678974063656,0.16418188161414118,1.050264720374901,0.42072972490941024,1.3389904499053955,1.3890515565872192,1.3404426574707031,1.4144569635391235,1.3720930814743042
ERBB2,0.1458282619714737,0.14401674270629883,0.07942590090588939,0.07884637748575415,1.0093369223702364,0.3952691077726624,0.14569197595119476,0.14824457466602325,0.14212332665920258,0.15402966737747192,0.14333175122737885
ERBB3,0.22283993661403656,0.2218862622976303,0.09415490930031672,0.09466217001976975,1.0035076222989239,0.4077920779026814,0.22272254526615143,0.22345156967639923,0.22857142984867096,0.2277127206325531,0.20408163964748383
F10,0.011517420411109924,0.010210489854216576,0.006910452058738843,0.006279799976741482,1.0217060276383356,0.15956262035717927,0.010294551961123943,0.011751093901693821,0.010036691091954708,0.010557490400969982,0.01139060314744711
F8,0.030499015003442764,0.030003488063812256,0.027774701543777272,0.02700313989998837,1.006193816690033,0.26854998765441196,0.028787478804588318,0.02892576903104782,0.029944371432065964,0.030767543241381645,0.03369719907641411
FAP,0.015703558921813965,0.01690894365310669,0.009856253737624311,0.009884870333759739,0.9819846994216183,0.188207968448754,0.01737496629357338,0.017391618341207504,0.015528464689850807,0.019113169983029366,0.010915994644165039
FAS,0.1065361350774765,0.10822188854217529,0.08392212452103037,0.08380044191185021,0.9893456368127634,0.3686700729365861,0.1055075079202652,0.10684455931186676,0.11253403127193451,0.11160775274038315,0.09587090462446213
FCAR,0.002458526287227869,0.003070124424993992,0.0023920795587942145,0.002767763693452727,0.9884756603759142,0.04415237244169263,0.002841482637450099,0.0027841052506119013,0.002580187050625682,0.0025776729453355074,0.0052206930704414845
FCGR1A,0.321003794670105,0.31699034571647644,0.10912755542758422,0.10864053959762764,1.010936115896436,0.41588983453185135,0.3143642246723175,0.3007195293903351,0.31627410650253296,0.30704471468925476,0.32178452610969543
FCGR3A,1.1602472066879272,1.1397837400436401,0.21710336884537865,0.21718804512152576,1.0171993161072588,0.3864865631973361,1.1362824440002441,1.0858372449874878,1.1368446350097656,1.1213973760604858,1.0925486087799072
FCGRT,1.6746107339859009,1.662007212638855,0.35024031540011963,0.3502035120362833,1.0073618389303507,0.32131057910883687,1.6727015972137451,1.6068987846374512,1.6685998439788818,1.6905969381332397,1.595633625984192
FCRL5,0.03550466150045395,0.02995697222650051,0.020332676249750825,0.01846726363530643,1.0693834336077417,0.3018230942293281,0.033150628209114075,0.03228839114308357,0.03186175972223282,0.033180683851242065,0.02752728946506977
FLT3,0.00877095852047205,0.008349807932972908,0.006688963210702341,0.006419351087335737,1.0072176859259403,0.12983544614916123,0.009098955430090427,0.009292403236031532,0.008734761737287045,0.007952394895255566,0.004271476063877344
FOLH1,0.009014596231281757,0.009629026986658573,0.0058251567033599854,0.006023956273985347,0.9896957776031748,0.13053350446418552,0.008695246651768684,0.00828000158071518,0.00911350455135107,0.008912167511880398,0.003322259057313204
FOLR1,0.3427318334579468,0.34178394079208374,0.09043389665330351,0.09387138039306896,1.0024194270544797,0.4228079695956087,0.3401549756526947,0.33261018991470337,0.3402532935142517,0.3510022759437561,0.384432852268219
GIPR,0.009302531369030476,0.00893127080053091,0.0083058318013688,0.008303291080358181,1.0062998907618368,0.13520116789570594,0.00886604655534029,0.007846115157008171,0.009184518828988075,0.008720212616026402,0.01139060314744711
GLP1R,4.429776890901849e-05,4.651703784475103e-05,4.429776960730027e-05,4.651703686475172e-05,0.9999556558764309,0.0008843080009570279,6.210890569491312e-05,7.23144257790409e-05,2.3671440430916846e-05,2.7422052880865522e-05,0.0
GPA33,0.03922567516565323,0.04207466170191765,0.028306274779064874,0.029631352482846842,0.9690578658275419,0.2898954128109565,0.04122478887438774,0.03406009450554848,0.03844241797924042,0.03855540603399277,0.038917891681194305
GPC3,0.06870584189891815,0.06430980563163757,0.02261401138452679,0.02172345621583905,1.0384572105865246,0.3672544640721659,0.07016754150390625,0.07018114626407623,0.06419694423675537,0.06981654465198517,0.049833886325359344
GPRC5D,0.00033223326317965984,0.0005814629839733243,0.000332233272054752,0.000488428887079893,0.9950727063613674,0.006522233020456513,0.0003881806624121964,0.0002892577031161636,0.0005207716603763402,0.0003290646418463439,0.0
GUCY2C,0.0042082881554961205,0.00476799625903368,0.0039425014950497245,0.004442377020583789,0.9897803801166957,0.07103861144338167,0.004487368743866682,0.004953538067638874,0.0044739022850990295,0.004689170978963375,0.004746084567159414
HAVCR2,0.22175464034080505,0.21681590378284454,0.12963742275576426,0.12750319804628446,1.018509903225184,0.39601285186522006,0.21821965277194977,0.2062407284975052,0.21477097272872925,0.21849891543388367,0.21594683825969696
HBEGF,0.40366342663764954,0.40262821316719055,0.14037963188553457,0.14013257355506453,1.0022871165348162,0.40534908397793956,0.4020775556564331,0.38304948806762695,0.39765653014183044,0.40496888756752014,0.42287611961364746
HLA-G,0.07236040383577347,0.06935690343379974,0.028239828124653924,0.028212582858471915,1.0251640275138303,0.36678446483712057,0.07043150067329407,0.07437538355588913,0.07068292051553726,0.07343626022338867,0.07071665674448013
ICAM1,0.5487164855003357,0.5426445007324219,0.19747945690934463,0.19534829631352482,1.0102455768346956,0.3868413764132813,0.55278480052948,0.5440575480461121,0.5439460277557373,0.5444923043251038,0.5310868620872498
ICOS,0.12336929142475128,0.12131643295288086,0.0815964916166471,0.08049773229445284,1.0119828462248863,0.3849468564175067,0.12145397067070007,0.12376613169908524,0.11819150298833847,0.12636081874370575,0.1238728016614914
ICOSLG,0.03574829921126366,0.035934410989284515,0.032492414006954747,0.03270147691592046,0.9978342578266572,0.28417576312059595,0.03565051406621933,0.03322847560048103,0.034678660333156586,0.033756546676158905,0.037968676537275314
IGF1,0.0801125168800354,0.08049773424863815,0.027951892622206473,0.027165949529015,0.9970480915180581,0.3700493393468034,0.07373879849910736,0.07303756475448608,0.07638774067163467,0.08089505881071091,0.0735643059015274
IGF1R,0.0659593790769577,0.06593789905309677,0.0483288666415646,0.04747063612047912,1.000185271805306,0.34540508819016646,0.06763660162687302,0.06877101957798004,0.06732157617807388,0.06696465611457825,0.07024204730987549
IGF2,0.18706947565078735,0.19579020142555237,0.0245188154776407,0.024467961390859404,0.9645196361604901,0.4215968282741453,0.18270887434482574,0.17724265158176422,0.18215173482894897,0.18172594904899597,0.1732320785522461
IL10,0.06011207401752472,0.05656471848487854,0.028948592438370727,0.028142807303174786,1.0332882738591342,0.35050081432910346,0.059453751891851425,0.06179267540574074,0.060314830392599106,0.05857350304722786,0.06217370554804802
IL13,0.0022591862361878157,0.002256076317280531,0.0014175286274336087,0.0013722525875101755,1.0000595130581256,0.041384484937897516,0.002189338905736804,0.003109520301222801,0.002272458281368017,0.0017001673113554716,0.00047460844507440925
IL15RA,0.05714412406086922,0.05865798518061638,0.047398613479811294,0.04861030352366554,0.9860676496326455,0.32789890969658,0.05773023143410683,0.05611599236726761,0.05875251442193985,0.058765459805727005,0.049833886325359344
IL17A,0.0016611663158982992,0.0013489940902218223,0.00035438215685840217,0.00041865333178276544,1.0060794224153249,0.03132363400458223,0.0022359206341207027,0.0028925768565386534,0.0009705290431156754,0.002029231982305646,0.009017560631036758
IL17F,0.000398679927457124,0.0003953948034904897,0.0001328933088219008,0.000162809629026631,1.000065186987411,0.007847667678513056,0.00013974503963254392,0.0002169432700611651,0.0005207716603763402,0.000411330780480057,0.0
IL18,0.25435778498649597,0.248424232006073,0.1376110212850783,0.13692289801139668,1.0198829463027728,0.3971373401919772,0.2455630898475647,0.25100335478782654,0.2574979364871979,0.25625908374786377,0.22211675345897675
IL2,0.008062194101512432,0.006535643711686134,0.006245985514629338,0.004535411094313292,1.0270015567101565,0.12423989731898018,0.008198375813663006,0.008388472720980644,0.008095632307231426,0.00743137625977397,0.004271476063877344
IL23A,0.036634255200624466,0.03535294905304909,0.030343972181000687,0.02914292359576695,1.015011855615897,0.2915603002620152,0.035743676126003265,0.036627255380153656,0.03512841835618019,0.03581320121884346,0.02752728946506977
IL2RA,0.07625860720872879,0.0809629037976265,0.03873839952158409,0.0387254331899058,0.9640791670581226,0.3537541023328591,0.07793115079402924,0.07531546801328659,0.07932299375534058,0.08141607791185379,0.05647840350866318
IL2RB,0.12963742017745972,0.13080590963363647,0.09395556933708388,0.09301081521107106,0.9935373270788304,0.37874783174256293,0.12841016054153442,0.12998516857624054,0.1265711933374405,0.1269092559814453,0.13146653771400452
IL2RG,0.6048860549926758,0.5917199850082397,0.365345854836209,0.3610652401442028,1.0205168458081713,0.31002795902270935,0.5970839858055115,0.6008967161178589,0.5865309238433838,0.6025722026824951,0.6022781133651733
IL31,6.644665700150654e-05,6.977555312914774e-05,6.64466544109504e-05,6.977555529712758e-05,0.999933514858198,0.0013252298980694075,4.658168109017424e-05,7.23144257790409e-05,2.3671440430916846e-05,2.7422052880865522e-05,0.00047460844507440925
IL3RA,0.07371149212121964,0.07633445411920547,0.04560455381071563,0.04737760204674962,0.9792379520197169,0.3510154527042275,0.07449963688850403,0.07202516496181488,0.07127470523118973,0.07587681710720062,0.08685334771871567
IL4,0.0011295931180939078,0.0010001163464039564,0.0010631464705752065,0.0009535992557274101,1.002538754437549,0.021648229973462198,0.0010713787050917745,0.0009039302822202444,0.0014202863676473498,0.001261414377950132,0.0
IL4R,0.17107798159122467,0.17125247418880463,0.13486455956942567,0.13692289801139668,0.9992113417116816,0.3763497999976829,0.1708771288394928,0.1706620454788208,0.1706000715494156,0.1701812595129013,0.17513051629066467
IL5,0.00042082881554961205,0.0005814629839733243,0.00035438215685840217,0.00041865333178276544,0.9968242482730362,0.008247720236128814,0.0004037079052068293,0.0005785154062323272,0.0005917859962210059,0.0003290646418463439,0.00047460844507440925
IL5RA,0.007331280969083309,0.007559018675237894,0.005537221200912534,0.006023956273985347,0.9960434053360163,0.11229902917748313,0.006614598911255598,0.006544455420225859,0.007622203789651394,0.006937779486179352,0.0052206930704414845
IL6,0.16706903278827667,0.1579485982656479,0.05078739285476976,0.049377834631933945,1.0438590815167588,0.4234988239587675,0.15733739733695984,0.1664678007364273,0.14967451989650726,0.16409356892108917,0.14095871150493622
IL7,0.026135684922337532,0.025607628747820854,0.02325632904383264,0.023002674729619723,1.0069841652656233,0.25096975262682564,0.026054687798023224,0.02368297427892685,0.026085928082466125,0.025036334991455078,0.02657807245850563
KDR,0.03521672636270523,0.03588789328932762,0.019823251899266873,0.02060704733108501,0.9921855467526552,0.2848034510558337,0.03375619277358055,0.03333694860339165,0.03538880497217178,0.03627937659621239,0.028951115906238556
KIT,0.025759153068065643,0.027119431644678116,0.01623513256107555,0.017048494010931503,0.9823614029875135,0.2461153443348412,0.027110537514090538,0.0265393927693367,0.026369985193014145,0.02558477595448494,0.019933555275201797
KLK2,0.00046512659173458815,0.0006512385443784297,0.0004651265808766529,0.0006279799976741481,0.9963256189188586,0.009093653281113159,0.0005589801585301757,0.0006146726082079113,0.0007338146679103374,0.0005210189847275615,0.00047460844507440925
KLRC1,0.06303572654724121,0.06458890438079834,0.027974041507010123,0.028933596929875568,0.9864456524656553,0.3446136716700064,0.06490381062030792,0.06746935844421387,0.06443366408348083,0.0640304908156395,0.08353108912706375
KLRK1,0.0027021639980375767,0.003093383042141795,0.002635717291634366,0.003093382951505989,0.9926314915025533,0.04827993115748138,0.002810428151860833,0.0018801749683916569,0.0028879158198833466,0.0030164257623255253,0.005695301573723555
KRAS,0.34733882546424866,0.3375508785247803,0.2217767835389488,0.21802535178509128,1.0252559018230751,0.36959308911183253,0.34538763761520386,0.3525328040122986,0.34527161717414856,0.34757453203201294,0.33127668499946594
LAG3,0.08850694447755814,0.09361553937196732,0.06283638618795544,0.06535643679497616,0.9644286759166234,0.3563741201757921,0.09308572858572006,0.08862132579088211,0.089312344789505,0.09032823890447617,0.10061699151992798
LGALS3BP,1.3216460943222046,1.319223165512085,0.2769939533544486,0.27917199674380744,1.0017695645758473,0.354041546871842,1.321071982383728,1.2727700471878052,1.292436957359314,1.3323004245758057,1.2776459455490112
LGR5,0.004319032654166222,0.0034190022852271795,0.0023477817891869143,0.002093266658913827,1.0168485057832677,0.07464735804806343,0.003074391046538949,0.0037241927348077297,0.0026512013282626867,0.003290646243840456,0.004746084567159414
LILRB1,0.08751024305820465,0.08475404232740402,0.06731046091829276,0.06568205605302942,1.020453566239624,0.3678611263460118,0.08387807756662369,0.0811367854475975,0.08661380410194397,0.083527572453022,0.08685334771871567
LILRB2,0.0752619132399559,0.07286893576383591,0.05030011738908946,0.049215025002907316,1.0194758541794444,0.3611648395889898,0.0695309191942215,0.0704704076051712,0.07532252371311188,0.07332657277584076,0.07641196250915527
LILRB4,0.31451416015625,0.29356902837753296,0.09876187733947596,0.09636004186533317,1.060963387409011,0.4318717868322566,0.3094576299190521,0.27967602014541626,0.30133745074272156,0.29769381880760193,0.2942572236061096
LRP5,0.07978028059005737,0.07838121056556702,0.05255930363906177,0.05112222351436214,1.010897778719541,0.3636682982689544,0.08144030719995499,0.0769425481557846,0.07707420736551285,0.08122412115335464,0.07688657194375992
LRP6,0.04917052388191223,0.04863356053829193,0.03918137721765709,0.038423072450284916,1.0054440227108281,0.31989130385571346,0.048817601054906845,0.04895686358213425,0.05020712688565254,0.04744015261530876,0.04651162773370743
LRRC15,0.0018162085907533765,0.0010001163464039564,0.001129593124986157,0.0007210140714036516,1.0160017722078583,0.03436246427524573,0.0013663959689438343,0.002458690432831645,0.0011599005665630102,0.001617901143617928,0.0
LY6G6D,4.429776890901849e-05,0.0,4.429776960730027e-05,0.0,1.0008859553781804,0.0008851711560340712,1.552722642372828e-05,0.0,0.0,2.7422052880865522e-05,0.0
MAGEA4,0.0027021639980375767,0.001535062212496996,0.0008416576225387052,0.0006744970345388999,1.0226467522388585,0.049787601341411726,0.00192537612747401,0.002639476442709565,0.001585986465215683,0.0018646996468305588,0.001898433780297637
MAGEA8,0.0,0.0,0.0,0.0,1.0,0.0,0.0,0.0,0.0,2.7422052880865522e-05,0.0
MET,0.2726970613002777,0.27303174138069153,0.0806219406852865,0.08166065821607163,0.998963940574436,0.42037322797538224,0.27475428581237793,0.2900531589984894,0.2727423310279846,0.29369017481803894,0.25771239399909973
MICA,0.0760592669248581,0.07519479095935822,0.06593723006046645,0.0652168856843819,1.0069050473975432,0.35327942778418775,0.07513625174760818,0.07611092925071716,0.07496745139360428,0.07722049951553345,0.07925961166620255
MOSPD2,0.08423221111297607,0.08307942748069763,0.06932600943542493,0.06810094196999651,1.0086623729460036,0.3612135949089104,0.08252721279859543,0.08363162726163864,0.08150076866149902,0.084651879966259,0.08115804195404053
MS4A1,0.33285343647003174,0.3374113142490387,0.11014640412855213,0.11082684033027096,0.9882350421596695,0.4109104902294773,0.3303883373737335,0.33109158277511597,0.3282518684864044,0.3216332495212555,0.33554816246032715
MSLN,0.1357283592224121,0.1306430995464325,0.034928791335356264,0.037353180602395626,1.0281508659270568,0.41299070976872015,0.13867366313934326,0.1452796757221222,0.13509291410446167,0.13519072532653809,0.11960133165121078
MUC1,1.539303183555603,1.5285964012145996,0.1782985226693836,0.18046284451680428,1.0067824697514611,0.4046044839415069,1.5239663124084473,1.5281845331192017,1.5256479978561401,1.5687059164047241,1.6051257848739624
MUC16,0.05162905156612396,0.0512850321829319,0.028749252475137876,0.029840679148738225,1.0033965471084683,0.327559138933106,0.049966614693403244,0.05159633979201317,0.05094093829393387,0.0531439371407032,0.052681539207696915
MUC17,0.00022148885182105005,0.0002558437117841095,0.00022148884803650136,0.00025584370275613444,0.9993164006924233,0.004386764792177956,0.0003260717785451561,0.0002531004720367491,0.0002603858301881701,0.00027422053972259164,0.0
NCR1,0.010875102132558823,0.010908245109021664,0.010122040355268112,0.010163972554948249,0.999455854024303,0.14995912431784542,0.009828735142946243,0.010087861679494381,0.011338619515299797,0.010612334124743938,0.01139060314744711
NCR3,0.07107577472925186,0.06672868877649307,0.056678996212540696,0.0534713338760321,1.0372409387814028,0.3582196982562581,0.06574227660894394,0.0681925043463707,0.06791336089372635,0.06688238680362701,0.07973422110080719
NCR3LG1,0.012159737758338451,0.011838586069643497,0.011229484595450619,0.011187347365972787,1.0051933866717662,0.162486147336355,0.011552256532013416,0.012691181153059006,0.012261806055903435,0.010776867158710957,0.012814427725970745
NT5E,0.083722785115242,0.0849866271018982,0.05395468338169173,0.053796953134085355,0.9906372800492145,0.362210083073571,0.0837228074669838,0.08818744122982025,0.08675582706928253,0.08199194073677063,0.09634551405906677
NTRK2,0.010188487358391285,0.010163972154259682,0.007176238676382644,0.006651936271659495,1.00040747316465,0.14385729027652153,0.009440554305911064,0.009979390539228916,0.009942005388438702,0.010502646677196026,0.0052206930704414845
PDCD1,0.03712153062224388,0.0368414930999279,0.028837848014352477,0.02718920804744738,1.0032246972307781,0.2913144945871229,0.03639582172036171,0.039700619876384735,0.03751923143863678,0.03691008314490318,0.03369719907641411
PDCD1LG2,0.022503266111016273,0.023188743740320206,0.01949101862721212,0.019699965112222353,0.9906341112817011,0.23053076832631808,0.02240578830242157,0.020718082785606384,0.022819269448518753,0.024542737752199173,0.02562885545194149
PGF,0.039048485457897186,0.047470636665821075,0.013621564154244833,0.013745784393534131,0.9135929394121093,0.2820977222589978,0.04308805614709854,0.04172542318701744,0.04196946322917938,0.04302519932389259,0.023255813866853714
PITRM1,0.05986843630671501,0.059658098965883255,0.05173979490132672,0.05165716943830678,1.001918119526194,0.33490805588114686,0.05821157246828079,0.058140795677900314,0.059415314346551895,0.060054294764995575,0.05315614491701126
PSCA,0.09526235610246658,0.10401209443807602,0.020864249485038427,0.020141876962437494,0.9431879790510383,0.37446113408047477,0.08560160547494888,0.08525870740413666,0.08848384767770767,0.08980721980333328,0.06217370554804802
PTK7,0.08068838715553284,0.08152110874652863,0.05111962612682452,0.05105244795906501,0.9936685327630514,0.36081819592423947,0.08248063176870346,0.08598184585571289,0.08318144083023071,0.07774151861667633,0.07641196250915527
PVRIG,0.002857206156477332,0.0033027096651494503,0.0028129083700635673,0.003279451098964996,0.9916420101066007,0.0507094080705659,0.0029967548325657845,0.0028202624525874853,0.002509172772988677,0.0027147831860929728,0.0028476507868617773
ROR1,0.011473122052848339,0.01202465407550335,0.009878402622427961,0.010419816257704384,0.9911078581432534,0.15447507159030643,0.01212676428258419,0.011968037113547325,0.01145697757601738,0.01236734539270401,0.014712861739099026
SDC1,0.4800770878791809,0.4830794334411621,0.12977031606458614,0.13171298988254448,0.994367920850744,0.41143168946618236,0.4914988577365875,0.48161405324935913,0.4748017489910126,0.4962020516395569,0.5054579973220825
SIGLEC15,0.008948149159550667,0.00621002446860075,0.004717712463177479,0.00460518664961042,1.0487123910162937,0.13669722103220772,0.007390960119664669,0.0074845426715910435,0.008498047478497028,0.007376532070338726,0.0061699096113443375
SIGLEC6,0.0016611663158982992,0.0015118037117645144,0.00159471970586281,0.001325735550645424,1.0028995801616567,0.03119938660177747,0.00192537612747401,0.0018440177664160728,0.0014913007616996765,0.0013711026404052973,0.001898433780297637
SIRPA,0.18325987458229065,0.18157924711704254,0.10476422512126514,0.10543086405395977,1.0072572455700173,0.39518603497931126,0.17806623876094818,0.17312072217464447,0.17744112014770508,0.18375517427921295,0.1722828596830368
SLAMF7,0.08396641910076141,0.07905570417642593,0.058118673724777956,0.05575066868240493,1.0380511264935819,0.3721924928231978,0.08277564495801926,0.08142603933811188,0.07982009649276733,0.08701017498970032,0.08068343251943588
SSTR2,0.008195087313652039,0.007861379534006119,0.00644532547786219,0.006396092568903361,1.0057673664598645,0.12326833639714034,0.008229430764913559,0.008316158317029476,0.00800094660371542,0.0068006692454218864,0.004746084567159414
STAT3,0.6194157004356384,0.602302610874176,0.3701078650689938,0.3614606349575532,1.026234893554279,0.3110132995145169,0.6069592833518982,0.5995227098464966,0.6087584495544434,0.6130200028419495,0.5809207558631897
STEAP1,0.11949323117733002,0.11480404436588287,0.05331236572238588,0.05291312943365507,1.0284531051982961,0.398070893058546,0.1178361251950264,0.1235491931438446,0.12294945865869522,0.12671729922294617,0.11960133165121078
TACSTD2,1.0140867233276367,1.0329108238220215,0.15595029790250062,0.15711129201069893,0.9826171277631642,0.4076124214721044,1.0026551485061646,1.0475467443466187,1.0441235303878784,1.0134367942810059,0.9321309924125671
TEK,0.0038760548923164606,0.005023839883506298,0.003056546102903719,0.003791138504477265,0.979140223699039,0.06555801578365032,0.004021551925688982,0.004519651643931866,0.0051130312494933605,0.0044423723593354225,0.008542952127754688
TFRC,0.42736274003982544,0.4215141236782074,0.16310438769407962,0.16276311198976626,1.0124039049265245,0.39805658034458974,0.4386596977710724,0.4167480170726776,0.4119540750980377,0.4370800852775574,0.4570479393005371
TGFB1,0.4228222072124481,0.41232702136039734,0.2769496555848413,0.2717525293638795,1.0227007840060238,0.3478726445118356,0.4128379225730896,0.41465088725090027,0.4171617925167084,0.4119340777397156,0.4214523136615753
TGFB2,0.021329376846551895,0.021653680130839348,0.015127688320893043,0.015373880683800441,0.9954740177518409,0.22586331568943446,0.02276291511952877,0.02418917417526245,0.0198366679251194,0.019661610946059227,0.017560511827468872
TGFBR2,0.25823384523391724,0.25586697459220886,0.1796274557576026,0.17788114897081056,1.007738235371321,0.37634923524130826,0.2572706341743469,0.2541128695011139,0.2546810209751129,0.2544766366481781,0.2667299509048462
TIGIT,0.1678885519504547,0.1682288646697998,0.09610401116303795,0.09531340853587626,0.9984405696292284,0.3933687403676078,0.16120366752147675,0.16270744800567627,0.16792519390583038,0.16779553890228271,0.1732320785522461
TMEFF2,0.003211588365957141,0.00383765553124249,0.0020155485171321624,0.0022095592510757065,0.98837120303424,0.0561706335135108,0.002810428151860833,0.0033626207150518894,0.003811101894825697,0.0033454904332756996,0.002373042283579707
TNFRSF10B,0.1318744570016861,0.1314571499824524,0.09599326673901969,0.09303407372950342,1.0022997551723591,0.3817222277611071,0.13191932439804077,0.1333477944135666,0.13064268231391907,0.13414868712425232,0.11817750334739685
TNFRSF13B,0.06465259194374084,0.056936852633953094,0.04031097034264325,0.03695778578904524,1.0721522947397646,0.36286133714819147,0.062093380838632584,0.0570199228823185,0.057024501264095306,0.05969781056046486,0.054579973220825195
TNFRSF17,0.04024452343583107,0.04028375446796417,0.018206383308600412,0.018164902895685543,0.9995654696421933,0.3027197340691121,0.04144216701388359,0.03818201646208763,0.041401349008083344,0.04069432616233826,0.03654485195875168
TNFRSF18,0.1733814775943756,0.1674613356590271,0.08394427340583402,0.08121874636585649,1.0272238828912148,0.4075798401282583,0.1703026294708252,0.17340998351573944,0.16522665321826935,0.17138783633708954,0.17465591430664062
TNFRSF4,0.14080046117305756,0.14397023618221283,0.06381093711931604,0.06158855680893127,0.9836584464114503,0.39468437654552935,0.14502429962158203,0.14582203328609467,0.1464078575372696,0.13647955656051636,0.14997626841068268
TNFRSF8,0.006290283054113388,0.006000697612762451,0.005049945735232231,0.004861030352366554,1.0051711041771905,0.10049136697234658,0.00700277928262949,0.005025852471590042,0.005633802618831396,0.006279650144279003,0.004746084567159414
TNFRSF9,0.041108328849077225,0.04053959622979164,0.025426919754590355,0.025188975462263053,1.0062815899669149,0.3043941037308105,0.042078785598278046,0.03951983153820038,0.03955497592687607,0.041462142020463943,0.04271475970745087
TNFSF10,0.4391016364097595,0.4400511682033539,0.18919577399277945,0.1891150133736481,0.9980623823486116,0.38321029953302027,0.44187381863594055,0.43663448095321655,0.4295419454574585,0.44185152649879456,0.4598955810070038
TNFSF11,0.0031008438672870398,0.003279451048001647,0.0024806750980088154,0.002744505175020351,0.9966477285857601,0.05484777243348172,0.0032296632416546345,0.0029648912604898214,0.0030062729492783546,0.003235802287235856,0.0028476507868617773
TNFSF13B,0.4118806719779968,0.411745548248291,0.1651420850960154,0.16425165716943832,1.0002926367784561,0.3940227308658232,0.40644070506095886,0.39932024478912354,0.41765889525413513,0.40910959243774414,0.4157570004463196
TNFSF15,0.029147932305932045,0.02909640595316887,0.02128507829630778,0.021863007326433308,1.000651437345885,0.2633917977320164,0.028601152822375298,0.028130311518907547,0.028689784929156303,0.02912222035229206,0.024205030873417854
TNFSF9,0.027841148898005486,0.025351785123348236,0.023898646703138498,0.022095592510757066,1.0330365600573663,0.26383572165212366,0.027576355263590813,0.026213977485895157,0.026843413710594177,0.026325169950723648,0.030849549919366837
TPBG,0.09256018698215485,0.08989417552947998,0.05583733859000199,0.055820444237702056,1.019057344185949,0.37595954441040863,0.09510426223278046,0.09111617505550385,0.08947804570198059,0.09649820625782013,0.0892263874411583
TRDV2,0.0,9.303407568950206e-05,0.0,9.303407372950344e-05,0.998142774191938,0.0,6.210890569491312e-05,0.00010847163503058255,7.101432129275054e-05,0.00016453232092317194,0.0
TSLP,0.007752109784632921,0.007326433435082436,0.0063124321690402885,0.006256541458309106,1.0074254811270011,0.11837401403358727,0.007639395538717508,0.007846115157008171,0.007977275177836418,0.008473413996398449,0.009492169134318829
TSPAN8,0.18483243882656097,0.1721828132867813,0.0480630800239208,0.050517502035120364,1.0569334115121327,0.4311758952785225,0.18340760469436646,0.18588422238826752,0.1776304841041565,0.19510790705680847,0.21357379853725433
TYRP1,0.005847305525094271,0.005465751979500055,0.0038317570710314735,0.0035352948017211305,1.0068790836142496,0.09503087618539864,0.006257472559809685,0.006074411328881979,0.005988874472677708,0.006553870625793934,0.009017560631036758
VEGFA,0.3522780239582062,0.33034074306488037,0.13373496644443952,0.13171298988254448,1.0576779671737235,0.4175137819573727,0.3407605290412903,0.35448530316352844,0.341223806142807,0.34768420457839966,0.3203606903553009
VEGFC,0.006290283054113388,0.006279800087213516,0.004983499080821281,0.004977322944528434,1.0001862651765576,0.10003142028441037,0.006350636016577482,0.005387424491345882,0.005965203046798706,0.006882935296744108,0.005695301573723555
VTCN1,0.019801102578639984,0.015746016055345535,0.010343529203304613,0.008582393301546691,1.061678056962126,0.22947776666211298,0.0169867854565382,0.0189825352281332,0.01668836548924446,0.018427619710564613,0.020408162847161293
WT1,0.0024806750006973743,0.002000232692807913,0.001306784203415358,0.0010698918478892895,1.009239233807427,0.04548420816843828,0.002173811662942171,0.002567162038758397,0.002296129707247019,0.002522828755900264,0.0014238253934308887
ZG16B,0.18272830545902252,0.20337247848510742,0.039690801568141046,0.04146993836492616,0.9185224332590711,0.40162866094858585,0.188065767288208,0.17362692952156067,0.1804000437259674,0.20089395344257355,0.12339819967746735
